time_sent,time_received,time_elapsed
2023-04-24 21:48:07.334443,2023-04-24 21:48:07.676923,342.48
2023-04-24 21:48:07.335418,2023-04-24 21:48:07.678874,343.456
2023-04-24 21:48:07.676923,2023-04-24 21:48:07.680831,3.908
2023-04-24 21:48:07.678874,2023-04-24 21:48:07.682780,3.906
2023-04-24 21:48:07.680831,2023-04-24 21:48:07.685711,4.88
2023-04-24 21:48:07.683759,2023-04-24 21:48:07.687664,3.905
2023-04-24 21:48:07.685711,2023-04-24 21:48:07.689615,3.904
2023-04-24 21:48:07.687664,2023-04-24 21:48:07.692544,4.88
2023-04-24 21:48:07.689615,2023-04-24 21:48:07.694499,4.884
2023-04-24 21:48:07.693523,2023-04-24 21:48:07.696452,2.929
2023-04-24 21:48:07.695476,2023-04-24 21:48:07.699380,3.904
2023-04-24 21:48:07.698405,2023-04-24 21:48:07.701334,2.929
2023-04-24 21:48:07.699380,2023-04-24 21:48:07.703288,3.908
2023-04-24 21:48:07.702311,2023-04-24 21:48:07.705240,2.929
2023-04-24 21:48:07.704263,2023-04-24 21:48:07.707194,2.931
2023-04-24 21:48:07.706217,2023-04-24 21:48:07.709145,2.928
2023-04-24 21:48:07.708170,2023-04-24 21:48:07.711099,2.929
2023-04-24 21:48:07.710122,2023-04-24 21:48:07.714031,3.909
2023-04-24 21:48:07.712075,2023-04-24 21:48:07.717936,5.861
2023-04-24 21:48:07.715983,2023-04-24 21:48:07.719888,3.905
2023-04-24 21:48:07.718911,2023-04-24 21:48:07.722817,3.906
2023-04-24 21:48:07.720866,2023-04-24 21:48:07.725747,4.881
2023-04-24 21:48:07.722817,2023-04-24 21:48:07.727700,4.883
2023-04-24 21:48:07.726723,2023-04-24 21:48:07.730629,3.906
2023-04-24 21:48:07.728678,2023-04-24 21:48:07.732582,3.904
2023-04-24 21:48:07.731607,2023-04-24 21:48:07.735512,3.905
2023-04-24 21:48:07.732582,2023-04-24 21:48:07.737464,4.882
2023-04-24 21:48:07.735512,2023-04-24 21:48:07.739417,3.905
2023-04-24 21:48:07.738442,2023-04-24 21:48:07.741371,2.929
2023-04-24 21:48:07.739417,2023-04-24 21:48:07.742347,2.93
2023-04-24 21:48:07.741371,2023-04-24 21:48:07.744299,2.928
2023-04-24 21:48:07.743324,2023-04-24 21:48:07.746252,2.928
2023-04-24 21:48:07.745277,2023-04-24 21:48:07.750158,4.881
2023-04-24 21:48:07.747231,2023-04-24 21:48:07.753089,5.858
2023-04-24 21:48:07.754066,2023-04-24 21:48:07.777040,22.974
2023-04-24 21:48:07.751136,2023-04-24 21:48:07.778990,27.854
2023-04-24 21:48:07.778012,2023-04-24 21:48:07.781919,3.907
2023-04-24 21:48:07.779966,2023-04-24 21:48:07.783872,3.906
2023-04-24 21:48:07.781919,2023-04-24 21:48:07.784848,2.929
2023-04-24 21:48:07.783872,2023-04-24 21:48:07.787777,3.905
2023-04-24 21:48:07.786802,2023-04-24 21:48:07.792660,5.858
2023-04-24 21:48:07.788756,2023-04-24 21:48:07.795591,6.835
2023-04-24 21:48:07.793637,2023-04-24 21:48:07.797542,3.905
2023-04-24 21:48:07.796568,2023-04-24 21:48:07.799495,2.927
2023-04-24 21:48:07.798520,2023-04-24 21:48:07.801448,2.928
2023-04-24 21:48:07.800471,2023-04-24 21:48:07.820002,19.531
2023-04-24 21:48:07.802426,2023-04-24 21:48:07.850846,48.42
2023-04-24 21:48:07.840563,2023-04-24 21:48:07.852800,12.237
2023-04-24 21:48:07.851821,2023-04-24 21:48:07.855727,3.906
2023-04-24 21:48:07.854750,2023-04-24 21:48:07.857682,2.932
2023-04-24 21:48:07.856704,2023-04-24 21:48:07.858658,1.954
2023-04-24 21:48:07.857682,2023-04-24 21:48:07.860610,2.928
2023-04-24 21:48:07.859633,2023-04-24 21:48:07.862563,2.93
2023-04-24 21:48:07.861588,2023-04-24 21:48:07.865496,3.908
2023-04-24 21:48:07.862563,2023-04-24 21:48:07.868422,5.859
2023-04-24 21:48:07.866471,2023-04-24 21:48:07.869399,2.928
2023-04-24 21:48:07.868422,2023-04-24 21:48:07.871351,2.929
2023-04-24 21:48:07.870375,2023-04-24 21:48:07.874280,3.905
2023-04-24 21:48:07.872328,2023-04-24 21:48:07.875257,2.929
2023-04-24 21:48:07.874280,2023-04-24 21:48:07.878186,3.906
2023-04-24 21:48:07.876234,2023-04-24 21:48:07.880142,3.908
2023-04-24 21:48:07.878186,2023-04-24 21:48:07.883069,4.883
2023-04-24 21:48:07.880142,2023-04-24 21:48:07.886000,5.858
2023-04-24 21:48:07.884045,2023-04-24 21:48:07.888929,4.884
2023-04-24 21:48:07.886976,2023-04-24 21:48:07.891857,4.881
2023-04-24 21:48:07.888929,2023-04-24 21:48:07.893812,4.883
2023-04-24 21:48:07.891857,2023-04-24 21:48:07.896740,4.883
2023-04-24 21:48:07.893812,2023-04-24 21:48:07.897718,3.906
2023-04-24 21:48:07.897718,2023-04-24 21:48:07.900646,2.928
2023-04-24 21:48:07.898693,2023-04-24 21:48:07.903576,4.883
2023-04-24 21:48:07.901624,2023-04-24 21:48:07.909438,7.814
2023-04-24 21:48:07.904553,2023-04-24 21:48:07.911388,6.835
2023-04-24 21:48:07.910413,2023-04-24 21:48:07.916270,5.857
2023-04-24 21:48:07.912364,2023-04-24 21:48:07.919202,6.838
2023-04-24 21:48:07.917248,2023-04-24 21:48:07.920175,2.927
2023-04-24 21:48:07.919202,2023-04-24 21:48:07.922129,2.927
2023-04-24 21:48:07.921153,2023-04-24 21:48:07.925059,3.906
2023-04-24 21:48:07.923106,2023-04-24 21:48:07.927012,3.906
2023-04-24 21:48:07.925059,2023-04-24 21:48:07.928966,3.907
2023-04-24 21:48:07.927012,2023-04-24 21:48:07.930918,3.906
2023-04-24 21:48:07.928966,2023-04-24 21:48:07.932873,3.907
2023-04-24 21:48:07.930918,2023-04-24 21:48:07.934825,3.907
2023-04-24 21:48:07.932873,2023-04-24 21:48:07.936778,3.905
2023-04-24 21:48:07.934825,2023-04-24 21:48:07.937752,2.927
2023-04-24 21:48:07.937752,2023-04-24 21:48:07.939705,1.953
2023-04-24 21:48:07.938730,2023-04-24 21:48:07.941660,2.93
2023-04-24 21:48:07.940683,2023-04-24 21:48:07.942637,1.954
2023-04-24 21:48:07.941660,2023-04-24 21:48:07.944589,2.929
2023-04-24 21:48:07.943614,2023-04-24 21:48:07.946543,2.929
2023-04-24 21:48:07.945566,2023-04-24 21:48:07.948494,2.928
2023-04-24 21:48:07.946543,2023-04-24 21:48:07.949470,2.927
2023-04-24 21:48:07.949470,2023-04-24 21:48:07.952401,2.931
2023-04-24 21:48:07.950448,2023-04-24 21:48:07.954354,3.906
2023-04-24 21:48:07.952401,2023-04-24 21:48:07.956306,3.905
2023-04-24 21:48:07.955330,2023-04-24 21:48:07.958259,2.929
2023-04-24 21:48:07.957284,2023-04-24 21:48:07.960213,2.929
2023-04-24 21:48:07.959236,2023-04-24 21:48:07.962165,2.929
2023-04-24 21:48:07.961191,2023-04-24 21:48:07.964120,2.929
2023-04-24 21:48:07.965097,2023-04-24 21:48:07.984625,19.528
2023-04-24 21:48:07.963143,2023-04-24 21:48:07.987104,23.961
2023-04-24 21:48:07.985603,2023-04-24 21:48:07.988073,2.47
2023-04-24 21:48:07.988073,2023-04-24 21:48:07.991003,2.93
2023-04-24 21:48:07.989049,2023-04-24 21:48:07.994908,5.859
2023-04-24 21:48:07.991003,2023-04-24 21:48:07.998355,7.352
2023-04-24 21:48:07.997402,2023-04-24 21:48:08.001283,3.881
2023-04-24 21:48:08.000308,2023-04-24 21:48:08.002260,1.952
2023-04-24 21:48:08.001283,2023-04-24 21:48:08.004212,2.929
2023-04-24 21:48:08.003236,2023-04-24 21:48:08.006165,2.929
2023-04-24 21:48:08.004212,2023-04-24 21:48:08.007661,3.449
2023-04-24 21:48:08.006165,2023-04-24 21:48:08.009610,3.445
2023-04-24 21:48:08.008634,2023-04-24 21:48:08.011563,2.929
2023-04-24 21:48:08.010588,2023-04-24 21:48:08.013518,2.93
2023-04-24 21:48:08.012540,2023-04-24 21:48:08.015471,2.931
2023-04-24 21:48:08.014495,2023-04-24 21:48:08.016447,1.952
2023-04-24 21:48:08.015471,2023-04-24 21:48:08.018401,2.93
2023-04-24 21:48:08.017425,2023-04-24 21:48:08.021328,3.903
2023-04-24 21:48:08.019380,2023-04-24 21:48:08.023281,3.901
2023-04-24 21:48:08.022305,2023-04-24 21:48:08.025236,2.931
2023-04-24 21:48:08.024259,2023-04-24 21:48:08.027187,2.928
2023-04-24 21:48:08.026211,2023-04-24 21:48:08.029140,2.929
2023-04-24 21:48:08.028164,2023-04-24 21:48:08.031093,2.929
2023-04-24 21:48:08.030120,2023-04-24 21:48:08.035975,5.855
2023-04-24 21:48:08.032070,2023-04-24 21:48:08.037931,5.861
2023-04-24 21:48:08.036953,2023-04-24 21:48:08.039882,2.929
2023-04-24 21:48:08.037931,2023-04-24 21:48:08.040859,2.928
2023-04-24 21:48:08.039882,2023-04-24 21:48:08.042811,2.929
2023-04-24 21:48:08.041835,2023-04-24 21:48:08.045741,3.906
2023-04-24 21:48:08.043789,2023-04-24 21:48:08.048671,4.882
2023-04-24 21:48:08.046720,2023-04-24 21:48:08.050623,3.903
2023-04-24 21:48:08.048671,2023-04-24 21:48:08.051600,2.929
2023-04-24 21:48:08.051600,2023-04-24 21:48:08.055507,3.907
2023-04-24 21:48:08.052576,2023-04-24 21:48:08.056482,3.906
2023-04-24 21:48:08.055507,2023-04-24 21:48:08.059414,3.907
2023-04-24 21:48:08.057460,2023-04-24 21:48:08.061365,3.905
2023-04-24 21:48:08.059414,2023-04-24 21:48:08.063319,3.905
2023-04-24 21:48:08.062342,2023-04-24 21:48:08.065274,2.932
2023-04-24 21:48:08.064297,2023-04-24 21:48:08.067223,2.926
2023-04-24 21:48:08.066248,2023-04-24 21:48:08.069177,2.929
2023-04-24 21:48:08.068201,2023-04-24 21:48:08.070155,1.954
2023-04-24 21:48:08.070155,2023-04-24 21:48:08.073082,2.927
2023-04-24 21:48:08.071130,2023-04-24 21:48:08.074060,2.93
2023-04-24 21:48:08.073082,2023-04-24 21:48:08.096519,23.437
2023-04-24 21:48:08.075036,2023-04-24 21:48:08.104330,29.294
2023-04-24 21:48:08.102379,2023-04-24 21:48:08.105841,3.462
2023-04-24 21:48:08.106801,2023-04-24 21:48:08.114613,7.812
2023-04-24 21:48:08.104330,2023-04-24 21:48:08.123401,19.071
2023-04-24 21:48:08.126330,2023-04-24 21:48:08.128283,1.953
2023-04-24 21:48:08.126330,2023-04-24 21:48:08.130237,3.907
2023-04-24 21:48:08.129261,2023-04-24 21:48:08.133166,3.905
2023-04-24 21:48:08.131215,2023-04-24 21:48:08.134146,2.931
2023-04-24 21:48:08.133166,2023-04-24 21:48:08.137072,3.906
2023-04-24 21:48:08.135120,2023-04-24 21:48:08.138049,2.929
2023-04-24 21:48:08.137072,2023-04-24 21:48:08.141955,4.883
2023-04-24 21:48:08.140002,2023-04-24 21:48:08.146837,6.835
2023-04-24 21:48:08.143909,2023-04-24 21:48:08.149768,5.859
2023-04-24 21:48:08.149768,2023-04-24 21:48:08.152697,2.929
2023-04-24 21:48:08.150743,2023-04-24 21:48:08.155625,4.882
2023-04-24 21:48:08.153673,2023-04-24 21:48:08.158097,4.424
2023-04-24 21:48:08.156603,2023-04-24 21:48:08.160051,3.448
2023-04-24 21:48:08.159074,2023-04-24 21:48:08.161027,1.953
2023-04-24 21:48:08.160051,2023-04-24 21:48:08.162981,2.93
2023-04-24 21:48:08.162004,2023-04-24 21:48:08.186988,24.984
2023-04-24 21:48:08.163957,2023-04-24 21:48:08.188940,24.983
2023-04-24 21:48:08.187964,2023-04-24 21:48:08.189917,1.953
2023-04-24 21:48:08.189917,2023-04-24 21:48:08.192846,2.929
2023-04-24 21:48:08.190893,2023-04-24 21:48:08.194799,3.906
2023-04-24 21:48:08.192846,2023-04-24 21:48:08.200659,7.813
2023-04-24 21:48:08.194799,2023-04-24 21:48:08.204563,9.764
2023-04-24 21:48:08.200659,2023-04-24 21:48:08.206517,5.858
2023-04-24 21:48:08.204563,2023-04-24 21:48:08.208469,3.906
2023-04-24 21:48:08.206517,2023-04-24 21:48:08.212375,5.858
2023-04-24 21:48:08.210423,2023-04-24 21:48:08.216285,5.862
2023-04-24 21:48:08.216285,2023-04-24 21:48:08.219211,2.926
2023-04-24 21:48:08.216285,2023-04-24 21:48:08.221164,4.879
2023-04-24 21:48:08.220186,2023-04-24 21:48:08.223117,2.931
2023-04-24 21:48:08.222142,2023-04-24 21:48:08.225070,2.928
2023-04-24 21:48:08.224093,2023-04-24 21:48:08.227023,2.93
2023-04-24 21:48:08.226046,2023-04-24 21:48:08.228977,2.931
2023-04-24 21:48:08.227023,2023-04-24 21:48:08.231908,4.885
2023-04-24 21:48:08.229954,2023-04-24 21:48:08.233859,3.905
2023-04-24 21:48:08.232883,2023-04-24 21:48:08.235811,2.928
2023-04-24 21:48:08.234836,2023-04-24 21:48:08.237764,2.928
2023-04-24 21:48:08.236790,2023-04-24 21:48:08.239718,2.928
2023-04-24 21:48:08.238741,2023-04-24 21:48:08.240693,1.952
2023-04-24 21:48:08.241670,2023-04-24 21:48:08.243623,1.953
2023-04-24 21:48:08.241670,2023-04-24 21:48:08.245577,3.907
2023-04-24 21:48:08.243623,2023-04-24 21:48:08.246554,2.931
2023-04-24 21:48:08.245577,2023-04-24 21:48:08.249482,3.905
2023-04-24 21:48:08.247531,2023-04-24 21:48:08.251436,3.905
2023-04-24 21:48:08.249482,2023-04-24 21:48:08.252412,2.93
2023-04-24 21:48:08.251436,2023-04-24 21:48:08.254367,2.931
2023-04-24 21:48:08.253388,2023-04-24 21:48:08.256319,2.931
2023-04-24 21:48:08.255343,2023-04-24 21:48:08.258271,2.928
2023-04-24 21:48:08.257295,2023-04-24 21:48:08.260224,2.929
2023-04-24 21:48:08.259249,2023-04-24 21:48:08.262177,2.928
2023-04-24 21:48:08.261200,2023-04-24 21:48:08.264130,2.93
2023-04-24 21:48:08.263156,2023-04-24 21:48:08.267061,3.905
2023-04-24 21:48:08.265112,2023-04-24 21:48:08.268037,2.925
2023-04-24 21:48:08.267061,2023-04-24 21:48:08.269989,2.928
2023-04-24 21:48:08.269013,2023-04-24 21:48:08.271942,2.929
2023-04-24 21:48:08.270964,2023-04-24 21:48:08.273895,2.931
2023-04-24 21:48:08.271942,2023-04-24 21:48:08.274872,2.93
2023-04-24 21:48:08.273895,2023-04-24 21:48:08.276824,2.929
2023-04-24 21:48:08.275848,2023-04-24 21:48:08.278778,2.93
2023-04-24 21:48:08.277801,2023-04-24 21:48:08.280732,2.931
2023-04-24 21:48:08.278778,2023-04-24 21:48:08.283662,4.884
2023-04-24 21:48:08.281708,2023-04-24 21:48:08.285613,3.905
2023-04-24 21:48:08.284637,2023-04-24 21:48:08.287567,2.93
2023-04-24 21:48:08.286590,2023-04-24 21:48:08.289521,2.931
2023-04-24 21:48:08.288544,2023-04-24 21:48:08.291473,2.929
2023-04-24 21:48:08.290496,2023-04-24 21:48:08.293425,2.929
2023-04-24 21:48:08.292450,2023-04-24 21:48:08.294402,1.952
2023-04-24 21:48:08.293425,2023-04-24 21:48:08.296355,2.93
2023-04-24 21:48:08.295378,2023-04-24 21:48:08.298310,2.932
2023-04-24 21:48:08.297333,2023-04-24 21:48:08.300263,2.93
2023-04-24 21:48:08.299286,2023-04-24 21:48:08.302214,2.928
2023-04-24 21:48:08.301238,2023-04-24 21:48:08.304167,2.929
2023-04-24 21:48:08.303190,2023-04-24 21:48:08.305143,1.953
2023-04-24 21:48:08.304167,2023-04-24 21:48:08.307096,2.929
2023-04-24 21:48:08.306120,2023-04-24 21:48:08.309050,2.93
2023-04-24 21:48:08.307096,2023-04-24 21:48:08.310025,2.929
2023-04-24 21:48:08.310025,2023-04-24 21:48:08.311979,1.954
2023-04-24 21:48:08.311001,2023-04-24 21:48:08.313931,2.93
2023-04-24 21:48:08.311979,2023-04-24 21:48:08.315885,3.906
2023-04-24 21:48:08.315885,2023-04-24 21:48:08.339373,23.488
2023-04-24 21:48:08.316861,2023-04-24 21:48:08.341328,24.467
2023-04-24 21:48:08.341328,2023-04-24 21:48:08.343281,1.953
2023-04-24 21:48:08.342304,2023-04-24 21:48:08.346210,3.906
2023-04-24 21:48:08.344256,2023-04-24 21:48:08.349660,5.404
2023-04-24 21:48:08.350633,2023-04-24 21:48:08.393599,42.966
2023-04-24 21:48:08.351611,2023-04-24 21:48:08.395551,43.94
2023-04-24 21:48:08.394574,2023-04-24 21:48:08.399458,4.884
2023-04-24 21:48:08.396527,2023-04-24 21:48:08.400434,3.907
2023-04-24 21:48:08.399458,2023-04-24 21:48:08.402388,2.93
2023-04-24 21:48:08.401410,2023-04-24 21:48:08.404340,2.93
2023-04-24 21:48:08.403364,2023-04-24 21:48:08.406292,2.928
2023-04-24 21:48:08.404340,2023-04-24 21:48:08.407270,2.93
2023-04-24 21:48:08.406292,2023-04-24 21:48:08.410199,3.907
2023-04-24 21:48:08.408247,2023-04-24 21:48:08.416058,7.811
2023-04-24 21:48:08.411175,2023-04-24 21:48:08.418012,6.837
2023-04-24 21:48:08.417037,2023-04-24 21:48:08.420940,3.903
2023-04-24 21:48:08.418989,2023-04-24 21:48:08.422894,3.905
2023-04-24 21:48:08.422894,2023-04-24 21:48:08.425824,2.93
2023-04-24 21:48:08.424847,2023-04-24 21:48:08.428753,3.906
2023-04-24 21:48:08.427776,2023-04-24 21:48:08.431684,3.908
2023-04-24 21:48:08.429730,2023-04-24 21:48:08.433636,3.906
2023-04-24 21:48:08.432659,2023-04-24 21:48:08.436564,3.905
2023-04-24 21:48:08.434611,2023-04-24 21:48:08.441448,6.837
2023-04-24 21:48:08.437542,2023-04-24 21:48:08.444377,6.835
2023-04-24 21:48:08.442427,2023-04-24 21:48:08.445885,3.458
2023-04-24 21:48:08.445354,2023-04-24 21:48:08.448803,3.449
2023-04-24 21:48:08.446848,2023-04-24 21:48:08.450757,3.909
2023-04-24 21:48:08.448803,2023-04-24 21:48:08.452706,3.903
2023-04-24 21:48:08.451731,2023-04-24 21:48:08.454660,2.929
2023-04-24 21:48:08.453686,2023-04-24 21:48:08.457589,3.903
2023-04-24 21:48:08.455640,2023-04-24 21:48:08.459543,3.903
2023-04-24 21:48:08.457589,2023-04-24 21:48:08.461495,3.906
2023-04-24 21:48:08.459543,2023-04-24 21:48:08.462473,2.93
2023-04-24 21:48:08.461495,2023-04-24 21:48:08.465403,3.908
2023-04-24 21:48:08.464427,2023-04-24 21:48:08.466379,1.952
2023-04-24 21:48:08.465403,2023-04-24 21:48:08.468333,2.93
2023-04-24 21:48:08.467355,2023-04-24 21:48:08.470286,2.931
2023-04-24 21:48:08.469308,2023-04-24 21:48:08.472238,2.93
2023-04-24 21:48:08.471261,2023-04-24 21:48:08.473214,1.953
2023-04-24 21:48:08.472238,2023-04-24 21:48:08.475167,2.929
2023-04-24 21:48:08.474191,2023-04-24 21:48:08.477120,2.929
2023-04-24 21:48:08.476143,2023-04-24 21:48:08.479074,2.931
2023-04-24 21:48:08.477120,2023-04-24 21:48:08.481027,3.907
2023-04-24 21:48:08.479074,2023-04-24 21:48:08.482979,3.905
2023-04-24 21:48:08.482003,2023-04-24 21:48:08.484933,2.93
2023-04-24 21:48:08.483955,2023-04-24 21:48:08.485910,1.955
2023-04-24 21:48:08.484933,2023-04-24 21:48:08.487862,2.929
2023-04-24 21:48:08.486885,2023-04-24 21:48:08.489815,2.93
2023-04-24 21:48:08.488838,2023-04-24 21:48:08.491767,2.929
2023-04-24 21:48:08.490793,2023-04-24 21:48:08.493720,2.927
2023-04-24 21:48:08.492743,2023-04-24 21:48:08.495675,2.932
2023-04-24 21:48:08.493720,2023-04-24 21:48:08.497213,3.493
2023-04-24 21:48:08.495675,2023-04-24 21:48:08.499118,3.443
2023-04-24 21:48:08.498141,2023-04-24 21:48:08.501070,2.929
2023-04-24 21:48:08.499118,2023-04-24 21:48:08.503022,3.904
2023-04-24 21:48:08.502047,2023-04-24 21:48:08.504977,2.93
2023-04-24 21:48:08.504001,2023-04-24 21:48:08.506930,2.929
2023-04-24 21:48:08.505954,2023-04-24 21:48:08.509400,3.446
2023-04-24 21:48:08.507456,2023-04-24 21:48:08.511355,3.899
2023-04-24 21:48:08.510377,2023-04-24 21:48:08.512329,1.952
2023-04-24 21:48:08.511355,2023-04-24 21:48:08.515260,3.905
2023-04-24 21:48:08.513306,2023-04-24 21:48:08.539214,25.908
2023-04-24 21:48:08.536284,2023-04-24 21:48:08.541167,4.883
2023-04-24 21:48:08.540191,2023-04-24 21:48:08.543119,2.928
2023-04-24 21:48:08.541167,2023-04-24 21:48:08.548002,6.835
2023-04-24 21:48:08.544098,2023-04-24 21:48:08.549956,5.858
2023-04-24 21:48:08.549956,2023-04-24 21:48:08.553860,3.904
2023-04-24 21:48:08.550932,2023-04-24 21:48:08.555813,4.881
2023-04-24 21:48:08.554837,2023-04-24 21:48:08.557767,2.93
2023-04-24 21:48:08.556791,2023-04-24 21:48:08.559720,2.929
2023-04-24 21:48:08.558743,2023-04-24 21:48:08.561672,2.929
2023-04-24 21:48:08.560698,2023-04-24 21:48:08.562648,1.95
2023-04-24 21:48:08.561672,2023-04-24 21:48:08.565580,3.908
2023-04-24 21:48:08.563627,2023-04-24 21:48:08.567532,3.905
2023-04-24 21:48:08.566556,2023-04-24 21:48:08.569486,2.93
2023-04-24 21:48:08.568509,2023-04-24 21:48:08.571437,2.928
2023-04-24 21:48:08.569486,2023-04-24 21:48:08.573391,3.905
2023-04-24 21:48:08.571437,2023-04-24 21:48:08.574368,2.931
2023-04-24 21:48:08.573391,2023-04-24 21:48:08.576320,2.929
2023-04-24 21:48:08.575343,2023-04-24 21:48:08.578273,2.93
2023-04-24 21:48:08.578273,2023-04-24 21:48:08.619803,41.53
2023-04-24 21:48:08.577297,2023-04-24 21:48:08.621756,44.459
2023-04-24 21:48:08.621756,2023-04-24 21:48:08.623711,1.955
2023-04-24 21:48:08.621756,2023-04-24 21:48:08.625662,3.906
2023-04-24 21:48:08.624686,2023-04-24 21:48:08.626639,1.953
2023-04-24 21:48:08.625662,2023-04-24 21:48:08.628591,2.929
2023-04-24 21:48:08.627617,2023-04-24 21:48:08.631523,3.906
2023-04-24 21:48:08.629568,2023-04-24 21:48:08.634449,4.881
2023-04-24 21:48:08.631523,2023-04-24 21:48:08.638359,6.836
2023-04-24 21:48:08.634449,2023-04-24 21:48:08.640309,5.86
2023-04-24 21:48:08.639334,2023-04-24 21:48:08.643238,3.904
2023-04-24 21:48:08.642262,2023-04-24 21:48:08.647146,4.884
2023-04-24 21:48:08.644216,2023-04-24 21:48:08.650075,5.859
2023-04-24 21:48:08.649099,2023-04-24 21:48:08.652028,2.929
2023-04-24 21:48:08.651051,2023-04-24 21:48:08.653983,2.932
2023-04-24 21:48:08.653003,2023-04-24 21:48:08.655934,2.931
2023-04-24 21:48:08.654957,2023-04-24 21:48:08.657890,2.933
2023-04-24 21:48:08.656911,2023-04-24 21:48:08.659843,2.932
2023-04-24 21:48:08.658863,2023-04-24 21:48:08.661791,2.928
2023-04-24 21:48:08.659843,2023-04-24 21:48:08.663745,3.902
2023-04-24 21:48:08.661791,2023-04-24 21:48:08.665705,3.914
2023-04-24 21:48:08.664723,2023-04-24 21:48:08.668168,3.445
2023-04-24 21:48:08.667195,2023-04-24 21:48:08.670120,2.925
2023-04-24 21:48:08.669145,2023-04-24 21:48:08.672073,2.928
2023-04-24 21:48:08.671099,2023-04-24 21:48:08.674028,2.929
2023-04-24 21:48:08.673052,2023-04-24 21:48:08.675980,2.928
2023-04-24 21:48:08.675005,2023-04-24 21:48:08.677480,2.475
2023-04-24 21:48:08.675980,2023-04-24 21:48:08.679425,3.445
2023-04-24 21:48:08.677480,2023-04-24 21:48:08.680402,2.922
2023-04-24 21:48:08.679425,2023-04-24 21:48:08.683332,3.907
2023-04-24 21:48:08.681379,2023-04-24 21:48:08.684312,2.933
2023-04-24 21:48:08.684312,2023-04-24 21:48:08.686262,1.95
2023-04-24 21:48:08.685285,2023-04-24 21:48:08.688729,3.444
2023-04-24 21:48:08.687238,2023-04-24 21:48:08.689706,2.468
2023-04-24 21:48:08.688729,2023-04-24 21:48:08.691658,2.929
2023-04-24 21:48:08.690681,2023-04-24 21:48:08.693613,2.932
2023-04-24 21:48:08.692635,2023-04-24 21:48:08.695564,2.929
2023-04-24 21:48:08.694587,2023-04-24 21:48:08.696541,1.954
2023-04-24 21:48:08.695564,2023-04-24 21:48:08.719977,24.413
2023-04-24 21:48:08.697519,2023-04-24 21:48:08.722906,25.387
2023-04-24 21:48:08.721930,2023-04-24 21:48:08.724859,2.929
2023-04-24 21:48:08.723883,2023-04-24 21:48:08.726814,2.931
2023-04-24 21:48:08.725838,2023-04-24 21:48:08.729742,3.904
2023-04-24 21:48:08.727790,2023-04-24 21:48:08.734626,6.836
2023-04-24 21:48:08.734626,2023-04-24 21:48:08.738532,3.906
2023-04-24 21:48:08.731696,2023-04-24 21:48:08.740484,8.788
2023-04-24 21:48:08.739506,2023-04-24 21:48:08.742436,2.93
2023-04-24 21:48:08.741459,2023-04-24 21:48:08.743413,1.954
2023-04-24 21:48:08.742436,2023-04-24 21:48:08.745366,2.93
2023-04-24 21:48:08.744390,2023-04-24 21:48:08.747321,2.931
2023-04-24 21:48:08.746342,2023-04-24 21:48:08.749272,2.93
2023-04-24 21:48:08.748296,2023-04-24 21:48:08.752201,3.905
2023-04-24 21:48:08.750248,2023-04-24 21:48:08.753179,2.931
2023-04-24 21:48:08.752201,2023-04-24 21:48:08.756108,3.907
2023-04-24 21:48:08.754154,2023-04-24 21:48:08.758061,3.907
2023-04-24 21:48:08.757083,2023-04-24 21:48:08.760013,2.93
2023-04-24 21:48:08.758061,2023-04-24 21:48:08.760990,2.929
2023-04-24 21:48:08.760013,2023-04-24 21:48:08.762943,2.93
2023-04-24 21:48:08.761967,2023-04-24 21:48:08.765873,3.906
2023-04-24 21:48:08.763918,2023-04-24 21:48:08.767827,3.909
2023-04-24 21:48:08.766848,2023-04-24 21:48:08.768801,1.953
2023-04-24 21:48:08.767827,2023-04-24 21:48:08.770756,2.929
2023-04-24 21:48:08.769778,2023-04-24 21:48:08.772707,2.929
2023-04-24 21:48:08.771731,2023-04-24 21:48:08.773685,1.954
2023-04-24 21:48:08.773685,2023-04-24 21:48:08.775638,1.953
2023-04-24 21:48:08.774660,2023-04-24 21:48:08.777590,2.93
2023-04-24 21:48:08.776614,2023-04-24 21:48:08.779542,2.928
2023-04-24 21:48:08.777590,2023-04-24 21:48:08.781499,3.909
2023-04-24 21:48:08.779542,2023-04-24 21:48:08.783449,3.907
2023-04-24 21:48:08.781499,2023-04-24 21:48:08.785401,3.902
2023-04-24 21:48:08.783449,2023-04-24 21:48:08.786894,3.445
2023-04-24 21:48:08.785935,2023-04-24 21:48:08.788847,2.912
2023-04-24 21:48:08.787871,2023-04-24 21:48:08.790800,2.929
2023-04-24 21:48:08.788847,2023-04-24 21:48:08.792752,3.905
2023-04-24 21:48:08.790800,2023-04-24 21:48:08.793729,2.929
2023-04-24 21:48:08.792752,2023-04-24 21:48:08.795683,2.931
2023-04-24 21:48:08.794706,2023-04-24 21:48:08.797639,2.933
2023-04-24 21:48:08.795683,2023-04-24 21:48:08.799591,3.908
2023-04-24 21:48:08.797639,2023-04-24 21:48:08.801542,3.903
2023-04-24 21:48:08.800566,2023-04-24 21:48:08.803497,2.931
2023-04-24 21:48:08.801542,2023-04-24 21:48:08.804471,2.929
2023-04-24 21:48:08.803497,2023-04-24 21:48:08.806425,2.928
2023-04-24 21:48:08.805447,2023-04-24 21:48:08.808378,2.931
2023-04-24 21:48:08.807400,2023-04-24 21:48:08.809355,1.955
2023-04-24 21:48:08.808378,2023-04-24 21:48:08.811305,2.927
2023-04-24 21:48:08.810329,2023-04-24 21:48:08.813261,2.932
2023-04-24 21:48:08.812283,2023-04-24 21:48:08.815213,2.93
2023-04-24 21:48:08.813261,2023-04-24 21:48:08.817167,3.906
2023-04-24 21:48:08.816192,2023-04-24 21:48:08.819119,2.927
2023-04-24 21:48:08.818144,2023-04-24 21:48:08.821072,2.928
2023-04-24 21:48:08.819119,2023-04-24 21:48:08.822047,2.928
2023-04-24 21:48:08.821072,2023-04-24 21:48:08.824981,3.909
2023-04-24 21:48:08.824981,2023-04-24 21:48:08.861675,36.694
2023-04-24 21:48:08.823026,2023-04-24 21:48:08.868512,45.486
2023-04-24 21:48:08.866558,2023-04-24 21:48:08.871442,4.884
2023-04-24 21:48:08.869489,2023-04-24 21:48:08.873393,3.904
2023-04-24 21:48:08.871442,2023-04-24 21:48:08.875347,3.905
2023-04-24 21:48:08.874370,2023-04-24 21:48:08.878277,3.907
2023-04-24 21:48:08.876323,2023-04-24 21:48:08.906594,30.271
2023-04-24 21:48:08.879254,2023-04-24 21:48:08.909524,30.27
2023-04-24 21:48:08.906594,2023-04-24 21:48:08.911477,4.883
2023-04-24 21:48:08.911477,2023-04-24 21:48:08.918313,6.836
2023-04-24 21:48:08.912454,2023-04-24 21:48:08.922217,9.763
2023-04-24 21:48:08.919288,2023-04-24 21:48:08.924171,4.883
2023-04-24 21:48:08.922217,2023-04-24 21:48:08.926124,3.907
2023-04-24 21:48:08.925146,2023-04-24 21:48:08.928076,2.93
2023-04-24 21:48:08.927102,2023-04-24 21:48:08.929054,1.952
2023-04-24 21:48:08.928076,2023-04-24 21:48:08.931984,3.908
2023-04-24 21:48:08.930030,2023-04-24 21:48:08.932960,2.93
2023-04-24 21:48:08.931984,2023-04-24 21:48:08.934912,2.928
2023-04-24 21:48:08.933938,2023-04-24 21:48:08.936868,2.93
2023-04-24 21:48:08.935890,2023-04-24 21:48:08.938818,2.928
2023-04-24 21:48:08.937844,2023-04-24 21:48:08.940771,2.927
2023-04-24 21:48:08.938818,2023-04-24 21:48:08.941748,2.93
2023-04-24 21:48:08.940771,2023-04-24 21:48:08.943701,2.93
2023-04-24 21:48:08.942725,2023-04-24 21:48:08.945654,2.929
2023-04-24 21:48:08.943701,2023-04-24 21:48:08.946629,2.928
2023-04-24 21:48:08.945654,2023-04-24 21:48:08.949560,3.906
2023-04-24 21:48:08.947608,2023-04-24 21:48:08.951513,3.905
2023-04-24 21:48:08.949560,2023-04-24 21:48:08.953468,3.908
2023-04-24 21:48:08.951513,2023-04-24 21:48:08.954443,2.93
2023-04-24 21:48:08.953468,2023-04-24 21:48:08.957371,3.903
2023-04-24 21:48:08.955418,2023-04-24 21:48:08.958348,2.93
2023-04-24 21:48:08.957371,2023-04-24 21:48:08.960302,2.931
2023-04-24 21:48:08.959324,2023-04-24 21:48:08.962254,2.93
2023-04-24 21:48:08.960302,2023-04-24 21:48:08.963230,2.928
2023-04-24 21:48:08.962254,2023-04-24 21:48:08.966161,3.907
2023-04-24 21:48:08.964208,2023-04-24 21:48:08.968115,3.907
2023-04-24 21:48:08.967138,2023-04-24 21:48:08.970067,2.929
2023-04-24 21:48:08.969091,2023-04-24 21:48:08.972019,2.928
2023-04-24 21:48:08.971043,2023-04-24 21:48:08.972996,1.953
2023-04-24 21:48:08.972019,2023-04-24 21:48:08.974949,2.93
2023-04-24 21:48:08.973973,2023-04-24 21:48:08.976903,2.93
2023-04-24 21:48:08.975925,2023-04-24 21:48:08.977877,1.952
2023-04-24 21:48:08.976903,2023-04-24 21:48:08.979832,2.929
2023-04-24 21:48:08.978855,2023-04-24 21:48:08.982761,3.906
2023-04-24 21:48:08.981785,2023-04-24 21:48:08.984715,2.93
2023-04-24 21:48:08.983737,2023-04-24 21:48:08.986667,2.93
2023-04-24 21:48:08.985691,2023-04-24 21:48:08.988621,2.93
2023-04-24 21:48:08.987643,2023-04-24 21:48:08.990572,2.929
2023-04-24 21:48:08.988621,2023-04-24 21:48:08.991552,2.931
2023-04-24 21:48:08.990572,2023-04-24 21:48:08.993502,2.93
2023-04-24 21:48:08.992526,2023-04-24 21:48:08.995456,2.93
2023-04-24 21:48:08.993502,2023-04-24 21:48:08.996964,3.462
2023-04-24 21:48:08.995456,2023-04-24 21:48:08.998901,3.445
2023-04-24 21:48:08.997924,2023-04-24 21:48:09.000854,2.93
2023-04-24 21:48:08.999876,2023-04-24 21:48:09.002806,2.93
2023-04-24 21:48:09.000854,2023-04-24 21:48:09.003781,2.927
2023-04-24 21:48:09.002806,2023-04-24 21:48:09.005736,2.93
2023-04-24 21:48:09.004759,2023-04-24 21:48:09.007236,2.477
2023-04-24 21:48:09.006711,2023-04-24 21:48:09.009181,2.47
2023-04-24 21:48:09.008206,2023-04-24 21:48:09.010158,1.952
2023-04-24 21:48:09.010158,2023-04-24 21:48:09.012110,1.952
2023-04-24 21:48:09.011135,2023-04-24 21:48:09.014064,2.929
2023-04-24 21:48:09.013088,2023-04-24 21:48:09.016017,2.929
2023-04-24 21:48:09.016017,2023-04-24 21:48:09.018488,2.471
2023-04-24 21:48:09.016017,2023-04-24 21:48:09.019462,3.445
2023-04-24 21:48:09.018488,2023-04-24 21:48:09.021419,2.931
2023-04-24 21:48:09.020439,2023-04-24 21:48:09.023369,2.93
2023-04-24 21:48:09.022392,2023-04-24 21:48:09.025322,2.93
2023-04-24 21:48:09.023369,2023-04-24 21:48:09.026300,2.931
2023-04-24 21:48:09.025322,2023-04-24 21:48:09.051231,25.909
2023-04-24 21:48:09.027278,2023-04-24 21:48:09.051231,23.953
2023-04-24 21:48:09.051231,2023-04-24 21:48:09.054158,2.927
2023-04-24 21:48:09.052206,2023-04-24 21:48:09.056109,3.903
2023-04-24 21:48:09.055133,2023-04-24 21:48:09.059040,3.907
2023-04-24 21:48:09.057087,2023-04-24 21:48:09.065876,8.789
2023-04-24 21:48:09.061970,2023-04-24 21:48:09.069784,7.814
2023-04-24 21:48:09.069784,2023-04-24 21:48:09.071737,1.953
2023-04-24 21:48:09.070759,2023-04-24 21:48:09.073688,2.929
2023-04-24 21:48:09.072710,2023-04-24 21:48:09.075639,2.929
2023-04-24 21:48:09.074667,2023-04-24 21:48:09.077594,2.927
2023-04-24 21:48:09.076619,2023-04-24 21:48:09.079545,2.926
2023-04-24 21:48:09.078569,2023-04-24 21:48:09.089309,10.74
2023-04-24 21:48:09.079545,2023-04-24 21:48:09.106887,27.342
2023-04-24 21:48:09.091270,2023-04-24 21:48:09.125440,34.17
2023-04-24 21:48:09.124466,2023-04-24 21:48:09.127394,2.928
2023-04-24 21:48:09.125440,2023-04-24 21:48:09.128371,2.931
2023-04-24 21:48:09.127394,2023-04-24 21:48:09.130325,2.931
2023-04-24 21:48:09.129349,2023-04-24 21:48:09.133253,3.904
2023-04-24 21:48:09.132280,2023-04-24 21:48:09.134233,1.953
2023-04-24 21:48:09.134233,2023-04-24 21:48:09.137160,2.927
2023-04-24 21:48:09.135206,2023-04-24 21:48:09.138136,2.93
2023-04-24 21:48:09.138136,2023-04-24 21:48:09.140091,1.955
2023-04-24 21:48:09.139113,2023-04-24 21:48:09.142042,2.929
2023-04-24 21:48:09.141067,2023-04-24 21:48:09.143997,2.93
2023-04-24 21:48:09.143019,2023-04-24 21:48:09.144971,1.952
2023-04-24 21:48:09.143997,2023-04-24 21:48:09.146925,2.928
2023-04-24 21:48:09.145951,2023-04-24 21:48:09.148879,2.928
2023-04-24 21:48:09.147901,2023-04-24 21:48:09.150831,2.93
2023-04-24 21:48:09.149855,2023-04-24 21:48:09.152783,2.928
2023-04-24 21:48:09.151809,2023-04-24 21:48:09.154736,2.927
2023-04-24 21:48:09.153763,2023-04-24 21:48:09.156689,2.926
2023-04-24 21:48:09.155715,2023-04-24 21:48:09.158643,2.928
2023-04-24 21:48:09.158643,2023-04-24 21:48:09.160596,1.953
